filename,rating
perceived_price_0000_class0.png,22.6
perceived_price_0001_class2.png,46.7
perceived_price_0002_class1.png,63.5
perceived_price_0003_class0.png,26.3
perceived_price_0004_class0.png,45.6
perceived_price_0005_class0.png,59.7
perceived_price_0006_class2.png,69.8
perceived_price_0007_class2.png,74.3
perceived_price_0008_class2.png,73.1
perceived_price_0009_class3.png,64.3
perceived_price_0010_class0.png,56.8
perceived_price_0011_class2.png,70.5
perceived_price_0012_class0.png,32.8
perceived_price_0013_class0.png,33.8
perceived_price_0014_class0.png,36.0
perceived_price_0015_class0.png,24.2
perceived_price_0016_class1.png,29.1
perceived_price_0017_class3.png,56.3
perceived_price_0018_class0.png,55.9
perceived_price_0019_class1.png,54.0
perceived_price_0020_class1.png,51.9
perceived_price_0021_class2.png,52.9
perceived_price_0022_class1.png,52.5
perceived_price_0023_class3.png,75.9
perceived_price_0024_class2.png,68.2
perceived_price_0025_class0.png,43.1
perceived_price_0026_class2.png,55.0
perceived_price_0027_class3.png,65.6
perceived_price_0028_class1.png,64.7
perceived_price_0029_class0.png,38.5
perceived_price_0030_class1.png,55.6
perceived_price_0031_class0.png,51.0
perceived_price_0032_class3.png,63.5
perceived_price_0033_class0.png,50.4
perceived_price_0034_class1.png,55.1
perceived_price_0035_class0.png,50.8
perceived_price_0036_class1.png,40.0
perceived_price_0037_class1.png,46.3
perceived_price_0038_class3.png,68.5
perceived_price_0039_class1.png,70.1
perceived_price_0040_class2.png,48.0
perceived_price_0041_class1.png,42.1
perceived_price_0042_class2.png,60.3
perceived_price_0043_class0.png,54.4
perceived_price_0044_class3.png,69.1
perceived_price_0045_class3.png,63.0
perceived_price_0046_class2.png,67.9
perceived_price_0047_class3.png,70.6
perceived_price_0048_class1.png,51.0
perceived_price_0049_class0.png,41.0
perceived_price_0050_class3.png,63.6
perceived_price_0051_class1.png,50.9
perceived_price_0052_class0.png,36.1
perceived_price_0053_class2.png,44.6
perceived_price_0054_class1.png,60.1
perceived_price_0055_class2.png,55.1
perceived_price_0056_class2.png,63.8
perceived_price_0057_class1.png,48.1
perceived_price_0058_class2.png,51.2
perceived_price_0059_class0.png,52.3
perceived_price_0060_class0.png,23.7
perceived_price_0061_class3.png,49.0
perceived_price_0062_class2.png,69.2
perceived_price_0063_class2.png,57.9
perceived_price_0064_class2.png,60.4
perceived_price_0065_class2.png,58.6
perceived_price_0066_class0.png,38.7
perceived_price_0067_class0.png,24.1
perceived_price_0068_class2.png,50.3
perceived_price_0069_class3.png,59.4
perceived_price_0070_class2.png,59.1
perceived_price_0071_class1.png,51.6
perceived_price_0072_class0.png,48.9
perceived_price_0073_class3.png,56.1
perceived_price_0074_class1.png,59.7
perceived_price_0075_class2.png,61.6
perceived_price_0076_class3.png,64.0
perceived_price_0077_class1.png,53.0
perceived_price_0078_class1.png,59.4
perceived_price_0079_class3.png,71.2
perceived_price_0080_class1.png,66.4
perceived_price_0081_class1.png,53.1
perceived_price_0082_class0.png,50.3
perceived_price_0083_class3.png,72.0
perceived_price_0084_class3.png,71.8
perceived_price_0085_class3.png,62.7
perceived_price_0086_class1.png,51.3
perceived_price_0087_class0.png,54.2
perceived_price_0088_class3.png,67.0
perceived_price_0089_class1.png,52.3
perceived_price_0090_class3.png,64.2
perceived_price_0091_class0.png,40.8
perceived_price_0092_class1.png,57.5
perceived_price_0093_class2.png,60.8
perceived_price_0094_class3.png,67.6
perceived_price_0095_class2.png,44.8
perceived_price_0096_class3.png,62.0
perceived_price_0097_class0.png,51.1
perceived_price_0098_class1.png,57.7
perceived_price_0099_class0.png,45.2
perceived_price_0100_class3.png,59.18181818181818
perceived_price_0101_class3.png,64.27272727272727
perceived_price_0102_class1.png,63.09090909090909
perceived_price_0103_class2.png,67.18181818181819
perceived_price_0104_class3.png,60.63636363636363
perceived_price_0105_class0.png,20.454545454545453
perceived_price_0106_class3.png,56.54545454545455
perceived_price_0107_class3.png,59.54545454545455
perceived_price_0108_class1.png,58.18181818181818
perceived_price_0109_class2.png,61.18181818181818
perceived_price_0110_class0.png,24.363636363636363
perceived_price_0111_class1.png,41.90909090909091
perceived_price_0112_class1.png,46.0
perceived_price_0113_class3.png,67.54545454545455
perceived_price_0114_class0.png,38.0
perceived_price_0115_class2.png,59.81818181818182
perceived_price_0116_class1.png,57.81818181818182
perceived_price_0117_class0.png,58.63636363636363
perceived_price_0118_class3.png,66.45454545454545
perceived_price_0119_class1.png,52.27272727272727
perceived_price_0120_class1.png,57.54545454545455
perceived_price_0121_class2.png,49.0
perceived_price_0122_class0.png,22.09090909090909
perceived_price_0123_class3.png,60.18181818181818
perceived_price_0124_class2.png,51.90909090909091
perceived_price_0125_class0.png,35.81818181818182
perceived_price_0126_class3.png,54.54545454545455
perceived_price_0127_class3.png,47.45454545454545
perceived_price_0128_class1.png,50.0
perceived_price_0129_class0.png,45.63636363636363
perceived_price_0130_class2.png,57.54545454545455
perceived_price_0131_class3.png,55.36363636363637
perceived_price_0132_class0.png,39.45454545454545
perceived_price_0133_class0.png,22.454545454545453
perceived_price_0134_class1.png,40.90909090909091
perceived_price_0135_class2.png,49.90909090909091
perceived_price_0136_class3.png,62.27272727272727
perceived_price_0137_class0.png,32.0
perceived_price_0138_class0.png,30.63636363636364
perceived_price_0139_class0.png,34.63636363636363
perceived_price_0140_class3.png,59.63636363636363
perceived_price_0141_class2.png,60.90909090909091
perceived_price_0142_class3.png,68.72727272727273
perceived_price_0143_class2.png,57.81818181818182
perceived_price_0144_class2.png,64.27272727272727
perceived_price_0145_class1.png,55.18181818181818
perceived_price_0146_class0.png,36.0
perceived_price_0147_class1.png,47.81818181818182
perceived_price_0148_class2.png,43.90909090909091
perceived_price_0149_class3.png,67.0909090909091
perceived_price_0150_class3.png,58.81818181818182
perceived_price_0151_class3.png,73.54545454545455
perceived_price_0152_class0.png,42.27272727272727
perceived_price_0153_class1.png,50.18181818181818
perceived_price_0154_class0.png,44.0
perceived_price_0155_class0.png,25.09090909090909
perceived_price_0156_class3.png,51.81818181818182
perceived_price_0157_class2.png,52.0
perceived_price_0158_class0.png,27.454545454545453
perceived_price_0159_class3.png,60.36363636363637
perceived_price_0160_class1.png,54.90909090909091
perceived_price_0161_class2.png,60.54545454545455
perceived_price_0162_class3.png,62.0
perceived_price_0163_class1.png,53.0
perceived_price_0164_class1.png,38.36363636363637
perceived_price_0165_class1.png,53.27272727272727
perceived_price_0166_class2.png,54.09090909090909
perceived_price_0167_class3.png,60.18181818181818
perceived_price_0168_class1.png,31.454545454545453
perceived_price_0169_class2.png,45.18181818181818
perceived_price_0170_class1.png,59.72727272727273
perceived_price_0171_class0.png,44.54545454545455
perceived_price_0172_class3.png,87.27272727272727
perceived_price_0173_class1.png,48.09090909090909
perceived_price_0174_class2.png,64.63636363636364
perceived_price_0175_class2.png,46.27272727272727
perceived_price_0176_class1.png,48.36363636363637
perceived_price_0177_class3.png,54.81818181818182
perceived_price_0178_class2.png,44.72727272727273
perceived_price_0179_class3.png,71.72727272727273
perceived_price_0180_class1.png,64.63636363636364
perceived_price_0181_class1.png,27.90909090909091
perceived_price_0182_class1.png,58.63636363636363
perceived_price_0183_class2.png,56.09090909090909
perceived_price_0184_class3.png,61.09090909090909
perceived_price_0185_class0.png,55.63636363636363
perceived_price_0186_class3.png,74.81818181818181
perceived_price_0187_class2.png,62.09090909090909
perceived_price_0188_class0.png,33.09090909090909
perceived_price_0189_class3.png,58.45454545454545
perceived_price_0190_class2.png,51.90909090909091
perceived_price_0191_class3.png,65.9090909090909
perceived_price_0192_class3.png,64.45454545454545
perceived_price_0193_class1.png,66.18181818181819
perceived_price_0194_class3.png,61.09090909090909
perceived_price_0195_class1.png,53.81818181818182
perceived_price_0196_class0.png,45.45454545454545
perceived_price_0197_class2.png,55.90909090909091
perceived_price_0198_class3.png,57.27272727272727
perceived_price_0199_class3.png,71.0909090909091
perceived_price_0200_class2.png,66.6
perceived_price_0201_class0.png,60.7
perceived_price_0202_class0.png,42.8
perceived_price_0203_class3.png,72.7
perceived_price_0204_class1.png,59.2
perceived_price_0205_class1.png,47.9
perceived_price_0206_class1.png,60.5
perceived_price_0207_class2.png,64.5
perceived_price_0208_class2.png,55.9
perceived_price_0209_class2.png,50.1
perceived_price_0210_class2.png,70.5
perceived_price_0211_class1.png,51.8
perceived_price_0212_class2.png,64.1
perceived_price_0213_class3.png,62.2
perceived_price_0214_class1.png,53.3
perceived_price_0215_class1.png,56.3
perceived_price_0216_class1.png,45.4
perceived_price_0217_class0.png,36.4
perceived_price_0218_class3.png,60.6
perceived_price_0219_class1.png,67.5
perceived_price_0220_class2.png,45.1
perceived_price_0221_class1.png,26.3
perceived_price_0222_class2.png,62.2
perceived_price_0223_class0.png,40.5
perceived_price_0224_class0.png,52.3
perceived_price_0225_class0.png,54.9
perceived_price_0226_class3.png,60.6
perceived_price_0227_class2.png,70.9
perceived_price_0228_class0.png,36.1
perceived_price_0229_class2.png,60.2
perceived_price_0230_class0.png,38.9
perceived_price_0231_class3.png,67.8
perceived_price_0232_class1.png,55.5
perceived_price_0233_class2.png,61.9
perceived_price_0234_class3.png,65.9
perceived_price_0235_class2.png,64.2
perceived_price_0236_class0.png,56.6
perceived_price_0237_class1.png,67.2
perceived_price_0238_class3.png,72.7
perceived_price_0239_class0.png,49.3
perceived_price_0240_class3.png,62.3
perceived_price_0241_class3.png,70.1
perceived_price_0242_class1.png,62.2
perceived_price_0243_class2.png,55.1
perceived_price_0244_class2.png,72.6
perceived_price_0245_class1.png,58.9
perceived_price_0246_class0.png,57.9
perceived_price_0247_class0.png,43.8
perceived_price_0248_class3.png,64.1
perceived_price_0249_class2.png,70.1
perceived_price_0250_class3.png,75.8
perceived_price_0251_class1.png,59.1
perceived_price_0252_class1.png,56.2
perceived_price_0253_class3.png,61.2
perceived_price_0254_class2.png,73.5
perceived_price_0255_class1.png,49.0
perceived_price_0256_class3.png,52.8
perceived_price_0257_class2.png,69.6
perceived_price_0258_class0.png,42.0
perceived_price_0259_class2.png,59.6
perceived_price_0260_class2.png,62.8
perceived_price_0261_class1.png,50.6
perceived_price_0262_class0.png,51.9
perceived_price_0263_class0.png,34.9
perceived_price_0264_class2.png,67.1
perceived_price_0265_class3.png,58.2
perceived_price_0266_class0.png,46.7
perceived_price_0267_class2.png,60.0
perceived_price_0268_class1.png,64.3
perceived_price_0269_class2.png,63.1
perceived_price_0270_class1.png,46.7
perceived_price_0271_class1.png,53.7
perceived_price_0272_class0.png,44.0
perceived_price_0273_class1.png,65.3
perceived_price_0274_class2.png,42.3
perceived_price_0275_class1.png,66.1
perceived_price_0276_class1.png,45.9
perceived_price_0277_class1.png,53.3
perceived_price_0278_class3.png,61.8
perceived_price_0279_class0.png,37.6
perceived_price_0280_class3.png,66.8
perceived_price_0281_class3.png,69.8
perceived_price_0282_class3.png,74.0
perceived_price_0283_class0.png,56.9
perceived_price_0284_class1.png,66.6
perceived_price_0285_class1.png,55.3
perceived_price_0286_class2.png,70.0
perceived_price_0287_class0.png,57.9
perceived_price_0288_class2.png,65.0
perceived_price_0289_class2.png,70.2
perceived_price_0290_class1.png,54.9
perceived_price_0291_class2.png,68.0
perceived_price_0292_class0.png,33.9
perceived_price_0293_class1.png,53.2
perceived_price_0294_class0.png,31.2
perceived_price_0295_class3.png,59.7
perceived_price_0296_class1.png,60.4
perceived_price_0297_class3.png,66.4
perceived_price_0298_class3.png,68.5
perceived_price_0299_class3.png,61.4
perceived_price_0300_class0.png,49.4
perceived_price_0301_class3.png,61.0
perceived_price_0302_class2.png,55.9
perceived_price_0303_class0.png,42.3
perceived_price_0304_class1.png,54.9
perceived_price_0305_class2.png,69.9
perceived_price_0306_class1.png,53.0
perceived_price_0307_class2.png,54.2
perceived_price_0308_class2.png,50.1
perceived_price_0309_class3.png,62.5
perceived_price_0310_class1.png,56.1
perceived_price_0311_class1.png,55.1
perceived_price_0312_class2.png,60.8
perceived_price_0313_class2.png,56.7
perceived_price_0314_class2.png,66.5
perceived_price_0315_class1.png,55.8
perceived_price_0316_class0.png,39.4
perceived_price_0317_class3.png,63.0
perceived_price_0318_class0.png,37.5
perceived_price_0319_class3.png,53.8
perceived_price_0320_class1.png,47.6
perceived_price_0321_class1.png,47.7
perceived_price_0322_class1.png,56.6
perceived_price_0323_class2.png,68.3
perceived_price_0324_class0.png,59.9
perceived_price_0325_class0.png,54.8
perceived_price_0326_class3.png,70.7
perceived_price_0327_class3.png,59.1
perceived_price_0328_class2.png,50.0
perceived_price_0329_class1.png,58.5
perceived_price_0330_class3.png,56.7
perceived_price_0331_class3.png,62.3
perceived_price_0332_class0.png,41.3
perceived_price_0333_class0.png,23.3
perceived_price_0334_class2.png,56.5
perceived_price_0335_class1.png,51.0
perceived_price_0336_class1.png,54.3
perceived_price_0337_class0.png,47.5
perceived_price_0338_class2.png,60.0
perceived_price_0339_class1.png,51.6
perceived_price_0340_class0.png,31.2
perceived_price_0341_class0.png,35.1
perceived_price_0342_class1.png,34.5
perceived_price_0343_class0.png,42.4
perceived_price_0344_class2.png,55.3
perceived_price_0345_class2.png,45.2
perceived_price_0346_class1.png,39.9
perceived_price_0347_class0.png,33.6
perceived_price_0348_class3.png,58.8
perceived_price_0349_class1.png,57.8
perceived_price_0350_class0.png,42.7
perceived_price_0351_class0.png,40.5
perceived_price_0352_class0.png,41.5
perceived_price_0353_class0.png,46.1
perceived_price_0354_class3.png,65.8
perceived_price_0355_class2.png,55.3
perceived_price_0356_class1.png,43.7
perceived_price_0357_class0.png,39.6
perceived_price_0358_class1.png,40.2
perceived_price_0359_class3.png,61.5
perceived_price_0360_class0.png,38.1
perceived_price_0361_class0.png,34.3
perceived_price_0362_class0.png,24.5
perceived_price_0363_class1.png,69.4
perceived_price_0364_class1.png,51.9
perceived_price_0365_class2.png,62.4
perceived_price_0366_class2.png,60.1
perceived_price_0367_class3.png,60.0
perceived_price_0368_class0.png,48.0
perceived_price_0369_class0.png,55.7
perceived_price_0370_class0.png,40.8
perceived_price_0371_class3.png,58.0
perceived_price_0372_class1.png,57.2
perceived_price_0373_class2.png,62.9
perceived_price_0374_class3.png,67.5
perceived_price_0375_class2.png,64.7
perceived_price_0376_class1.png,55.7
perceived_price_0377_class1.png,55.7
perceived_price_0378_class2.png,67.8
perceived_price_0379_class0.png,57.5
perceived_price_0380_class0.png,55.9
perceived_price_0381_class1.png,60.6
perceived_price_0382_class0.png,30.1
perceived_price_0383_class2.png,56.6
perceived_price_0384_class3.png,66.7
perceived_price_0385_class2.png,75.3
perceived_price_0386_class0.png,35.9
perceived_price_0387_class3.png,78.8
perceived_price_0388_class3.png,78.0
perceived_price_0389_class3.png,66.0
perceived_price_0390_class0.png,53.3
perceived_price_0391_class1.png,68.8
perceived_price_0392_class3.png,73.1
perceived_price_0393_class2.png,67.9
perceived_price_0394_class3.png,57.9
perceived_price_0395_class1.png,53.8
perceived_price_0396_class2.png,64.6
perceived_price_0397_class2.png,32.5
perceived_price_0398_class1.png,43.9
perceived_price_0399_class2.png,59.3
perceived_price_0400_class2.png,65.3
perceived_price_0401_class0.png,31.5
perceived_price_0402_class1.png,43.2
perceived_price_0403_class3.png,57.1
perceived_price_0404_class0.png,38.0
perceived_price_0405_class0.png,65.5
perceived_price_0406_class0.png,60.6
perceived_price_0407_class2.png,79.9
perceived_price_0408_class0.png,37.3
perceived_price_0409_class1.png,68.9
perceived_price_0410_class0.png,34.2
perceived_price_0411_class1.png,59.4
perceived_price_0412_class2.png,75.1
perceived_price_0413_class1.png,72.0
perceived_price_0414_class3.png,72.5
perceived_price_0415_class0.png,42.1
perceived_price_0416_class0.png,59.5
perceived_price_0417_class1.png,60.2
perceived_price_0418_class1.png,60.7
perceived_price_0419_class3.png,51.9
perceived_price_0420_class3.png,70.5
perceived_price_0421_class1.png,54.8
perceived_price_0422_class1.png,63.0
perceived_price_0423_class0.png,42.8
perceived_price_0424_class0.png,55.4
perceived_price_0425_class0.png,33.6
perceived_price_0426_class0.png,52.4
perceived_price_0427_class3.png,72.4
perceived_price_0428_class1.png,60.4
perceived_price_0429_class1.png,60.7
perceived_price_0430_class1.png,63.2
perceived_price_0431_class1.png,80.2
perceived_price_0432_class3.png,79.0
perceived_price_0433_class0.png,46.2
perceived_price_0434_class1.png,53.2
perceived_price_0435_class2.png,62.2
perceived_price_0436_class0.png,49.6
perceived_price_0437_class2.png,42.2
perceived_price_0438_class0.png,56.9
perceived_price_0439_class0.png,23.5
perceived_price_0440_class3.png,58.2
perceived_price_0441_class1.png,59.5
perceived_price_0442_class0.png,57.5
perceived_price_0443_class3.png,74.9
perceived_price_0444_class3.png,77.8
perceived_price_0445_class3.png,76.2
perceived_price_0446_class1.png,70.0
perceived_price_0447_class3.png,69.5
perceived_price_0448_class2.png,64.4
perceived_price_0449_class1.png,59.1
perceived_price_0450_class3.png,72.4
perceived_price_0451_class2.png,66.0
perceived_price_0452_class3.png,62.5
perceived_price_0453_class3.png,65.0
perceived_price_0454_class2.png,76.2
perceived_price_0455_class2.png,73.9
perceived_price_0456_class0.png,51.0
perceived_price_0457_class0.png,47.6
perceived_price_0458_class1.png,55.5
perceived_price_0459_class2.png,58.5
perceived_price_0460_class3.png,54.5
perceived_price_0461_class3.png,63.9
perceived_price_0462_class0.png,52.7
perceived_price_0463_class3.png,56.5
perceived_price_0464_class3.png,72.9
perceived_price_0465_class3.png,76.6
perceived_price_0466_class0.png,33.1
perceived_price_0467_class2.png,49.6
perceived_price_0468_class2.png,66.2
perceived_price_0469_class3.png,55.8
perceived_price_0470_class3.png,68.4
perceived_price_0471_class1.png,51.7
perceived_price_0472_class1.png,62.0
perceived_price_0473_class0.png,28.5
perceived_price_0474_class1.png,54.2
perceived_price_0475_class0.png,44.7
perceived_price_0476_class3.png,70.4
perceived_price_0477_class1.png,37.2
perceived_price_0478_class3.png,59.6
perceived_price_0479_class2.png,65.6
perceived_price_0480_class2.png,53.5
perceived_price_0481_class0.png,41.7
perceived_price_0482_class2.png,50.2
perceived_price_0483_class3.png,61.2
perceived_price_0484_class2.png,64.6
perceived_price_0485_class1.png,63.7
perceived_price_0486_class2.png,71.7
perceived_price_0487_class2.png,70.2
perceived_price_0488_class1.png,59.1
perceived_price_0489_class3.png,67.6
perceived_price_0490_class1.png,67.8
perceived_price_0491_class2.png,60.3
perceived_price_0492_class0.png,36.6
perceived_price_0493_class2.png,75.3
perceived_price_0494_class0.png,47.4
perceived_price_0495_class0.png,44.0
perceived_price_0496_class1.png,58.0
perceived_price_0497_class1.png,68.5
perceived_price_0498_class0.png,46.6
perceived_price_0499_class1.png,41.9
perceived_price_0500_class2.png,50.0
perceived_price_0501_class3.png,62.2
perceived_price_0502_class3.png,74.2
perceived_price_0503_class2.png,41.9
perceived_price_0504_class3.png,63.0
perceived_price_0505_class3.png,63.3
perceived_price_0506_class0.png,51.7
perceived_price_0507_class1.png,52.8
perceived_price_0508_class2.png,55.4
perceived_price_0509_class0.png,50.7
perceived_price_0510_class1.png,53.5
perceived_price_0511_class1.png,59.0
perceived_price_0512_class1.png,60.3
perceived_price_0513_class2.png,67.5
perceived_price_0514_class3.png,62.3
perceived_price_0515_class0.png,50.4
perceived_price_0516_class2.png,63.3
perceived_price_0517_class2.png,61.4
perceived_price_0518_class2.png,58.5
perceived_price_0519_class0.png,46.1
perceived_price_0520_class3.png,58.8
perceived_price_0521_class1.png,51.4
perceived_price_0522_class2.png,47.6
perceived_price_0523_class0.png,58.8
perceived_price_0524_class1.png,56.9
perceived_price_0525_class3.png,65.3
perceived_price_0526_class3.png,60.6
perceived_price_0527_class0.png,50.7
perceived_price_0528_class1.png,60.3
perceived_price_0529_class1.png,59.4
perceived_price_0530_class1.png,65.3
perceived_price_0531_class0.png,54.6
perceived_price_0532_class1.png,56.3
perceived_price_0533_class0.png,43.6
perceived_price_0534_class1.png,52.0
perceived_price_0535_class0.png,37.0
perceived_price_0536_class0.png,40.5
perceived_price_0537_class2.png,55.2
perceived_price_0538_class1.png,56.5
perceived_price_0539_class3.png,62.6
perceived_price_0540_class1.png,57.2
perceived_price_0541_class3.png,68.9
perceived_price_0542_class3.png,64.2
perceived_price_0543_class3.png,65.9
perceived_price_0544_class3.png,64.8
perceived_price_0545_class0.png,49.7
perceived_price_0546_class2.png,58.4
perceived_price_0547_class3.png,57.7
perceived_price_0548_class2.png,63.8
perceived_price_0549_class2.png,60.6
perceived_price_0550_class1.png,57.0
perceived_price_0551_class0.png,54.5
perceived_price_0552_class1.png,59.8
perceived_price_0553_class2.png,56.0
perceived_price_0554_class0.png,33.6
perceived_price_0555_class3.png,62.7
perceived_price_0556_class0.png,49.3
perceived_price_0557_class0.png,52.1
perceived_price_0558_class0.png,66.2
perceived_price_0559_class1.png,53.9
perceived_price_0560_class2.png,68.2
perceived_price_0561_class0.png,31.8
perceived_price_0562_class0.png,53.0
perceived_price_0563_class2.png,56.7
perceived_price_0564_class2.png,40.2
perceived_price_0565_class2.png,63.5
perceived_price_0566_class1.png,37.0
perceived_price_0567_class1.png,67.5
perceived_price_0568_class0.png,35.8
perceived_price_0569_class2.png,62.5
perceived_price_0570_class2.png,63.2
perceived_price_0571_class2.png,71.6
perceived_price_0572_class1.png,61.0
perceived_price_0573_class3.png,58.8
perceived_price_0574_class2.png,67.1
perceived_price_0575_class2.png,69.7
perceived_price_0576_class0.png,57.5
perceived_price_0577_class2.png,53.3
perceived_price_0578_class1.png,57.7
perceived_price_0579_class1.png,57.0
perceived_price_0580_class3.png,64.3
perceived_price_0581_class2.png,56.4
perceived_price_0582_class2.png,62.3
perceived_price_0583_class3.png,58.6
perceived_price_0584_class0.png,49.7
perceived_price_0585_class3.png,61.5
perceived_price_0586_class3.png,55.9
perceived_price_0587_class1.png,51.7
perceived_price_0588_class3.png,61.9
perceived_price_0589_class0.png,54.1
perceived_price_0590_class3.png,60.3
perceived_price_0591_class1.png,56.7
perceived_price_0592_class3.png,68.4
perceived_price_0593_class3.png,69.8
perceived_price_0594_class2.png,70.7
perceived_price_0595_class2.png,72.1
perceived_price_0596_class1.png,64.7
perceived_price_0597_class3.png,65.1
perceived_price_0598_class1.png,52.0
perceived_price_0599_class0.png,47.5
perceived_price_0600_class0.png,21.6
perceived_price_0601_class2.png,41.4
perceived_price_0602_class0.png,36.5
perceived_price_0603_class2.png,62.7
perceived_price_0604_class0.png,48.2
perceived_price_0605_class3.png,64.5
perceived_price_0606_class2.png,68.8
perceived_price_0607_class2.png,63.8
perceived_price_0608_class1.png,59.2
perceived_price_0609_class3.png,66.6
perceived_price_0610_class0.png,58.3
perceived_price_0611_class2.png,74.9
perceived_price_0612_class2.png,71.1
perceived_price_0613_class3.png,76.3
perceived_price_0614_class2.png,71.4
perceived_price_0615_class0.png,48.0
perceived_price_0616_class3.png,64.0
perceived_price_0617_class3.png,68.4
perceived_price_0618_class2.png,63.6
perceived_price_0619_class0.png,43.5
perceived_price_0620_class3.png,64.0
perceived_price_0621_class0.png,57.0
perceived_price_0622_class2.png,75.1
perceived_price_0623_class3.png,72.4
perceived_price_0624_class1.png,65.1
perceived_price_0625_class0.png,61.1
perceived_price_0626_class3.png,68.2
perceived_price_0627_class3.png,67.5
perceived_price_0628_class1.png,56.2
perceived_price_0629_class2.png,67.5
perceived_price_0630_class3.png,69.8
perceived_price_0631_class3.png,73.7
perceived_price_0632_class1.png,49.5
perceived_price_0633_class2.png,55.2
perceived_price_0634_class3.png,66.6
perceived_price_0635_class2.png,63.9
perceived_price_0636_class3.png,69.6
perceived_price_0637_class0.png,40.0
perceived_price_0638_class1.png,44.0
perceived_price_0639_class0.png,49.0
perceived_price_0640_class3.png,61.6
perceived_price_0641_class2.png,62.5
perceived_price_0642_class2.png,61.0
perceived_price_0643_class0.png,44.6
perceived_price_0644_class1.png,52.7
perceived_price_0645_class0.png,61.0
perceived_price_0646_class1.png,56.0
perceived_price_0647_class3.png,49.9
perceived_price_0648_class0.png,54.9
perceived_price_0649_class1.png,42.6
perceived_price_0650_class3.png,64.8
perceived_price_0651_class2.png,64.1
perceived_price_0652_class0.png,55.9
perceived_price_0653_class1.png,54.3
perceived_price_0654_class3.png,69.1
perceived_price_0655_class0.png,51.1
perceived_price_0656_class0.png,45.0
perceived_price_0657_class0.png,39.9
perceived_price_0658_class1.png,52.7
perceived_price_0659_class3.png,65.3
perceived_price_0660_class3.png,62.3
perceived_price_0661_class3.png,63.4
perceived_price_0662_class1.png,66.1
perceived_price_0663_class2.png,67.8
perceived_price_0664_class2.png,67.4
perceived_price_0665_class1.png,48.8
perceived_price_0666_class1.png,42.5
perceived_price_0667_class0.png,56.2
perceived_price_0668_class3.png,46.7
perceived_price_0669_class0.png,38.4
perceived_price_0670_class3.png,59.4
perceived_price_0671_class1.png,59.8
perceived_price_0672_class1.png,59.6
perceived_price_0673_class3.png,56.9
perceived_price_0674_class1.png,62.8
perceived_price_0675_class2.png,59.2
perceived_price_0676_class0.png,51.6
perceived_price_0677_class0.png,57.7
perceived_price_0678_class3.png,53.8
perceived_price_0679_class2.png,58.4
perceived_price_0680_class3.png,58.6
perceived_price_0681_class1.png,49.2
perceived_price_0682_class0.png,35.2
perceived_price_0683_class1.png,42.2
perceived_price_0684_class2.png,62.9
perceived_price_0685_class1.png,50.8
perceived_price_0686_class0.png,55.2
perceived_price_0687_class2.png,66.0
perceived_price_0688_class1.png,70.2
perceived_price_0689_class3.png,62.9
perceived_price_0690_class0.png,47.5
perceived_price_0691_class0.png,60.9
perceived_price_0692_class1.png,67.9
perceived_price_0693_class1.png,42.7
perceived_price_0694_class1.png,55.9
perceived_price_0695_class1.png,53.7
perceived_price_0696_class1.png,63.4
perceived_price_0697_class2.png,45.5
perceived_price_0698_class1.png,62.2
perceived_price_0699_class0.png,59.6
perceived_price_0700_class3.png,75.3
perceived_price_0701_class0.png,54.1
perceived_price_0702_class3.png,58.5
perceived_price_0703_class2.png,76.1
perceived_price_0704_class3.png,61.3
perceived_price_0705_class2.png,71.0
perceived_price_0706_class2.png,61.6
perceived_price_0707_class2.png,64.9
perceived_price_0708_class2.png,66.9
perceived_price_0709_class3.png,70.9
perceived_price_0710_class1.png,69.1
perceived_price_0711_class0.png,51.5
perceived_price_0712_class2.png,63.1
perceived_price_0713_class2.png,71.1
perceived_price_0714_class1.png,58.9
perceived_price_0715_class3.png,70.8
perceived_price_0716_class1.png,58.0
perceived_price_0717_class3.png,70.5
perceived_price_0718_class2.png,59.3
perceived_price_0719_class2.png,45.8
perceived_price_0720_class0.png,26.2
perceived_price_0721_class2.png,49.3
perceived_price_0722_class2.png,41.9
perceived_price_0723_class0.png,42.4
perceived_price_0724_class1.png,56.1
perceived_price_0725_class3.png,62.4
perceived_price_0726_class1.png,61.9
perceived_price_0727_class3.png,76.6
perceived_price_0728_class0.png,69.6
perceived_price_0729_class1.png,66.8
perceived_price_0730_class1.png,43.8
perceived_price_0731_class2.png,64.6
perceived_price_0732_class3.png,72.1
perceived_price_0733_class1.png,57.1
perceived_price_0734_class2.png,64.0
perceived_price_0735_class3.png,65.8
perceived_price_0736_class2.png,72.2
perceived_price_0737_class0.png,42.6
perceived_price_0738_class0.png,50.7
perceived_price_0739_class0.png,43.0
perceived_price_0740_class2.png,54.4
perceived_price_0741_class3.png,62.4
perceived_price_0742_class3.png,62.2
perceived_price_0743_class2.png,62.7
perceived_price_0744_class2.png,63.4
perceived_price_0745_class0.png,34.3
perceived_price_0746_class1.png,57.0
perceived_price_0747_class0.png,34.7
perceived_price_0748_class0.png,34.1
perceived_price_0749_class0.png,45.8
perceived_price_0750_class1.png,52.8
perceived_price_0751_class0.png,44.9
perceived_price_0752_class1.png,62.5
perceived_price_0753_class1.png,57.1
perceived_price_0754_class2.png,58.1
perceived_price_0755_class3.png,74.2
perceived_price_0756_class0.png,63.6
perceived_price_0757_class2.png,67.6
perceived_price_0758_class0.png,52.1
perceived_price_0759_class1.png,53.0
perceived_price_0760_class0.png,47.5
perceived_price_0761_class3.png,63.8
perceived_price_0762_class2.png,69.6
perceived_price_0763_class1.png,64.9
perceived_price_0764_class0.png,24.0
perceived_price_0765_class3.png,65.8
perceived_price_0766_class1.png,66.6
perceived_price_0767_class2.png,57.9
perceived_price_0768_class1.png,60.5
perceived_price_0769_class3.png,65.5
perceived_price_0770_class2.png,68.9
perceived_price_0771_class2.png,67.7
perceived_price_0772_class0.png,60.6
perceived_price_0773_class2.png,52.1
perceived_price_0774_class3.png,55.8
perceived_price_0775_class0.png,37.3
perceived_price_0776_class0.png,33.1
perceived_price_0777_class2.png,57.6
perceived_price_0778_class1.png,51.7
perceived_price_0779_class0.png,52.7
perceived_price_0780_class2.png,56.0
perceived_price_0781_class2.png,61.8
perceived_price_0782_class2.png,57.5
perceived_price_0783_class3.png,64.0
perceived_price_0784_class2.png,55.7
perceived_price_0785_class1.png,52.5
perceived_price_0786_class0.png,49.4
perceived_price_0787_class1.png,55.9
perceived_price_0788_class3.png,66.8
perceived_price_0789_class3.png,66.8
perceived_price_0790_class0.png,67.3
perceived_price_0791_class1.png,56.9
perceived_price_0792_class2.png,64.1
perceived_price_0793_class2.png,64.9
perceived_price_0794_class0.png,27.3
perceived_price_0795_class3.png,38.4
perceived_price_0796_class1.png,54.3
perceived_price_0797_class2.png,64.6
perceived_price_0798_class0.png,53.5
perceived_price_0799_class1.png,51.0
perceived_price_0800_class3.png,46.72727272727273
perceived_price_0801_class0.png,28.818181818181817
perceived_price_0802_class3.png,52.45454545454545
perceived_price_0803_class1.png,57.27272727272727
perceived_price_0804_class3.png,71.36363636363636
perceived_price_0805_class0.png,39.63636363636363
perceived_price_0806_class1.png,63.90909090909091
perceived_price_0807_class3.png,61.0
perceived_price_0808_class3.png,65.0909090909091
perceived_price_0809_class0.png,61.81818181818182
perceived_price_0810_class2.png,47.36363636363637
perceived_price_0811_class3.png,59.63636363636363
perceived_price_0812_class0.png,66.18181818181819
perceived_price_0813_class0.png,34.0
perceived_price_0814_class3.png,50.90909090909091
perceived_price_0815_class3.png,60.90909090909091
perceived_price_0816_class3.png,75.0909090909091
perceived_price_0817_class2.png,62.09090909090909
perceived_price_0818_class0.png,37.27272727272727
perceived_price_0819_class3.png,61.54545454545455
perceived_price_0820_class2.png,70.18181818181819
perceived_price_0821_class3.png,70.0909090909091
perceived_price_0822_class3.png,78.45454545454545
perceived_price_0823_class3.png,77.0909090909091
perceived_price_0824_class0.png,37.36363636363637
perceived_price_0825_class2.png,49.63636363636363
perceived_price_0826_class2.png,55.54545454545455
perceived_price_0827_class2.png,62.36363636363637
perceived_price_0828_class0.png,48.09090909090909
perceived_price_0829_class3.png,62.18181818181818
perceived_price_0830_class1.png,54.72727272727273
perceived_price_0831_class0.png,58.09090909090909
perceived_price_0832_class1.png,55.27272727272727
perceived_price_0833_class1.png,48.36363636363637
perceived_price_0834_class1.png,50.18181818181818
perceived_price_0835_class0.png,36.09090909090909
perceived_price_0836_class2.png,62.18181818181818
perceived_price_0837_class0.png,43.09090909090909
perceived_price_0838_class1.png,47.27272727272727
perceived_price_0839_class1.png,45.63636363636363
perceived_price_0840_class2.png,56.09090909090909
perceived_price_0841_class0.png,59.27272727272727
perceived_price_0842_class3.png,58.63636363636363
perceived_price_0843_class2.png,57.54545454545455
perceived_price_0844_class3.png,59.27272727272727
perceived_price_0845_class0.png,41.54545454545455
perceived_price_0846_class0.png,35.45454545454545
perceived_price_0847_class1.png,45.81818181818182
perceived_price_0848_class2.png,55.18181818181818
perceived_price_0849_class0.png,41.90909090909091
perceived_price_0850_class3.png,58.18181818181818
perceived_price_0851_class0.png,34.27272727272727
perceived_price_0852_class3.png,41.54545454545455
perceived_price_0853_class3.png,59.18181818181818
perceived_price_0854_class3.png,48.72727272727273
perceived_price_0855_class2.png,35.0
perceived_price_0856_class1.png,52.81818181818182
perceived_price_0857_class3.png,64.27272727272727
perceived_price_0858_class0.png,51.09090909090909
perceived_price_0859_class0.png,43.45454545454545
perceived_price_0860_class0.png,46.81818181818182
perceived_price_0861_class3.png,68.0
perceived_price_0862_class0.png,62.72727272727273
perceived_price_0863_class2.png,50.45454545454545
perceived_price_0864_class0.png,51.63636363636363
perceived_price_0865_class2.png,65.0
perceived_price_0866_class2.png,53.27272727272727
perceived_price_0867_class2.png,70.18181818181819
perceived_price_0868_class3.png,65.18181818181819
perceived_price_0869_class3.png,59.81818181818182
perceived_price_0870_class2.png,59.36363636363637
perceived_price_0871_class0.png,65.18181818181819
perceived_price_0872_class0.png,44.09090909090909
perceived_price_0873_class0.png,41.63636363636363
perceived_price_0874_class0.png,40.72727272727273
perceived_price_0875_class3.png,71.18181818181819
perceived_price_0876_class1.png,50.72727272727273
perceived_price_0877_class0.png,53.0
perceived_price_0878_class3.png,55.18181818181818
perceived_price_0879_class2.png,55.54545454545455
perceived_price_0880_class2.png,64.54545454545455
perceived_price_0881_class0.png,43.18181818181818
perceived_price_0882_class0.png,29.727272727272727
perceived_price_0883_class3.png,54.90909090909091
perceived_price_0884_class3.png,56.0
perceived_price_0885_class3.png,62.90909090909091
perceived_price_0886_class0.png,58.09090909090909
perceived_price_0887_class1.png,62.36363636363637
perceived_price_0888_class2.png,53.45454545454545
perceived_price_0889_class1.png,58.72727272727273
perceived_price_0890_class0.png,29.63636363636364
perceived_price_0891_class2.png,53.72727272727273
perceived_price_0892_class3.png,52.63636363636363
perceived_price_0893_class0.png,51.45454545454545
perceived_price_0894_class2.png,67.54545454545455
perceived_price_0895_class3.png,74.45454545454545
perceived_price_0896_class0.png,43.63636363636363
perceived_price_0897_class1.png,61.27272727272727
perceived_price_0898_class2.png,56.63636363636363
perceived_price_0899_class0.png,41.09090909090909
perceived_price_0900_class2.png,60.8
perceived_price_0901_class2.png,59.3
perceived_price_0902_class1.png,75.7
perceived_price_0903_class2.png,76.0
perceived_price_0904_class1.png,65.2
perceived_price_0905_class3.png,67.0
perceived_price_0906_class0.png,56.8
perceived_price_0907_class0.png,48.9
perceived_price_0908_class1.png,62.3
perceived_price_0909_class0.png,47.6
perceived_price_0910_class3.png,70.5
perceived_price_0911_class3.png,82.2
perceived_price_0912_class2.png,72.7
perceived_price_0913_class1.png,63.5
perceived_price_0914_class3.png,72.1
perceived_price_0915_class2.png,68.3
perceived_price_0916_class2.png,62.3
perceived_price_0917_class3.png,64.1
perceived_price_0918_class1.png,53.6
perceived_price_0919_class2.png,65.7
perceived_price_0920_class0.png,48.8
perceived_price_0921_class0.png,39.0
perceived_price_0922_class3.png,70.1
perceived_price_0923_class2.png,44.5
perceived_price_0924_class2.png,66.2
perceived_price_0925_class2.png,60.8
perceived_price_0926_class2.png,64.6
perceived_price_0927_class3.png,70.9
perceived_price_0928_class0.png,66.6
perceived_price_0929_class3.png,60.5
perceived_price_0930_class3.png,63.5
perceived_price_0931_class3.png,69.2
perceived_price_0932_class0.png,54.0
perceived_price_0933_class0.png,44.3
perceived_price_0934_class2.png,56.4
perceived_price_0935_class1.png,57.1
perceived_price_0936_class0.png,42.1
perceived_price_0937_class1.png,64.5
perceived_price_0938_class2.png,67.5
perceived_price_0939_class3.png,48.9
perceived_price_0940_class0.png,50.8
perceived_price_0941_class1.png,68.9
perceived_price_0942_class0.png,50.8
perceived_price_0943_class0.png,60.3
perceived_price_0944_class0.png,56.2
perceived_price_0945_class1.png,59.3
perceived_price_0946_class1.png,56.5
perceived_price_0947_class2.png,69.6
perceived_price_0948_class3.png,65.5
perceived_price_0949_class3.png,63.1
perceived_price_0950_class0.png,50.3
perceived_price_0951_class0.png,40.8
perceived_price_0952_class3.png,53.8
perceived_price_0953_class0.png,31.4
perceived_price_0954_class2.png,66.9
perceived_price_0955_class1.png,57.5
perceived_price_0956_class2.png,61.3
perceived_price_0957_class3.png,73.1
perceived_price_0958_class2.png,69.8
perceived_price_0959_class2.png,72.5
perceived_price_0960_class0.png,49.1
perceived_price_0961_class2.png,69.1
perceived_price_0962_class0.png,43.6
perceived_price_0963_class1.png,55.8
perceived_price_0964_class1.png,54.3
perceived_price_0965_class3.png,66.0
perceived_price_0966_class2.png,70.7
perceived_price_0967_class1.png,67.4
perceived_price_0968_class2.png,66.0
perceived_price_0969_class1.png,64.7
perceived_price_0970_class1.png,61.8
perceived_price_0971_class3.png,74.7
perceived_price_0972_class2.png,65.9
perceived_price_0973_class1.png,66.0
perceived_price_0974_class3.png,64.5
perceived_price_0975_class1.png,40.8
perceived_price_0976_class1.png,49.8
perceived_price_0977_class1.png,43.4
perceived_price_0978_class3.png,65.5
perceived_price_0979_class2.png,56.9
perceived_price_0980_class2.png,61.9
perceived_price_0981_class2.png,70.4
perceived_price_0982_class3.png,72.6
perceived_price_0983_class2.png,64.7
perceived_price_0984_class0.png,55.4
perceived_price_0985_class2.png,57.5
perceived_price_0986_class1.png,56.2
perceived_price_0987_class1.png,59.3
perceived_price_0988_class0.png,40.3
perceived_price_0989_class1.png,50.4
perceived_price_0990_class1.png,54.0
perceived_price_0991_class1.png,40.2
perceived_price_0992_class3.png,57.1
perceived_price_0993_class3.png,68.8
perceived_price_0994_class1.png,64.8
perceived_price_0995_class0.png,40.5
perceived_price_0996_class1.png,56.8
perceived_price_0997_class3.png,59.7
perceived_price_0998_class0.png,59.1
perceived_price_0999_class1.png,58.2
perceived_price_1000_class3.png,63.2
perceived_price_1001_class2.png,67.2
perceived_price_1002_class3.png,63.8
perceived_price_1003_class2.png,57.4
perceived_price_1004_class3.png,64.6
perceived_price_1005_class2.png,46.5
perceived_price_1006_class3.png,52.0
perceived_price_1007_class2.png,66.1
perceived_price_1008_class1.png,66.3
perceived_price_1009_class3.png,50.7
perceived_price_1010_class1.png,63.0
perceived_price_1011_class2.png,67.6
perceived_price_1012_class2.png,63.4
perceived_price_1013_class1.png,55.6
perceived_price_1014_class2.png,61.7
perceived_price_1015_class3.png,58.5
perceived_price_1016_class0.png,59.8
perceived_price_1017_class1.png,56.5
perceived_price_1018_class0.png,52.4
perceived_price_1019_class3.png,62.8
perceived_price_1020_class3.png,73.3
perceived_price_1021_class1.png,31.9
perceived_price_1022_class2.png,59.9
perceived_price_1023_class3.png,62.8
perceived_price_1024_class3.png,57.4
perceived_price_1025_class1.png,57.7
perceived_price_1026_class3.png,61.9
perceived_price_1027_class0.png,54.2
perceived_price_1028_class2.png,63.7
perceived_price_1029_class2.png,45.3
perceived_price_1030_class0.png,41.2
perceived_price_1031_class0.png,43.3
perceived_price_1032_class3.png,59.1
perceived_price_1033_class2.png,55.4
perceived_price_1034_class1.png,57.6
perceived_price_1035_class3.png,67.9
perceived_price_1036_class0.png,62.3
perceived_price_1037_class2.png,60.7
perceived_price_1038_class1.png,57.9
perceived_price_1039_class1.png,57.7
perceived_price_1040_class1.png,60.1
perceived_price_1041_class1.png,52.2
perceived_price_1042_class0.png,40.0
perceived_price_1043_class3.png,54.4
perceived_price_1044_class3.png,70.8
perceived_price_1045_class2.png,64.9
perceived_price_1046_class1.png,59.6
perceived_price_1047_class2.png,64.6
perceived_price_1048_class1.png,47.6
perceived_price_1049_class3.png,53.2
perceived_price_1050_class0.png,34.0
perceived_price_1051_class1.png,49.0
perceived_price_1052_class3.png,51.4
perceived_price_1053_class0.png,47.3
perceived_price_1054_class0.png,42.8
perceived_price_1055_class2.png,47.0
perceived_price_1056_class0.png,42.3
perceived_price_1057_class1.png,63.9
perceived_price_1058_class2.png,63.7
perceived_price_1059_class2.png,62.0
perceived_price_1060_class1.png,47.7
perceived_price_1061_class1.png,32.7
perceived_price_1062_class0.png,34.2
perceived_price_1063_class2.png,51.9
perceived_price_1064_class1.png,53.1
perceived_price_1065_class0.png,41.3
perceived_price_1066_class3.png,63.0
perceived_price_1067_class1.png,61.7
perceived_price_1068_class1.png,72.5
perceived_price_1069_class3.png,63.3
perceived_price_1070_class3.png,64.4
perceived_price_1071_class2.png,62.7
perceived_price_1072_class0.png,41.9
perceived_price_1073_class0.png,47.2
perceived_price_1074_class0.png,34.0
perceived_price_1075_class2.png,56.9
perceived_price_1076_class3.png,51.3
perceived_price_1077_class0.png,41.3
perceived_price_1078_class0.png,32.2
perceived_price_1079_class2.png,51.9
perceived_price_1080_class2.png,50.6
perceived_price_1081_class0.png,21.4
perceived_price_1082_class3.png,57.7
perceived_price_1083_class1.png,53.8
perceived_price_1084_class0.png,56.3
perceived_price_1085_class1.png,56.4
perceived_price_1086_class1.png,29.9
perceived_price_1087_class0.png,42.3
perceived_price_1088_class0.png,33.7
perceived_price_1089_class1.png,39.2
perceived_price_1090_class1.png,36.7
perceived_price_1091_class1.png,35.6
perceived_price_1092_class1.png,47.4
perceived_price_1093_class0.png,44.9
perceived_price_1094_class0.png,43.2
perceived_price_1095_class2.png,55.0
perceived_price_1096_class0.png,50.3
perceived_price_1097_class3.png,65.0
perceived_price_1098_class1.png,63.7
perceived_price_1099_class0.png,48.1
perceived_price_1100_class2.png,74.45454545454545
perceived_price_1101_class3.png,74.27272727272727
perceived_price_1102_class3.png,63.36363636363637
perceived_price_1103_class3.png,61.54545454545455
perceived_price_1104_class0.png,45.63636363636363
perceived_price_1105_class0.png,35.90909090909091
perceived_price_1106_class3.png,62.81818181818182
perceived_price_1107_class3.png,53.63636363636363
perceived_price_1108_class2.png,70.0
perceived_price_1109_class0.png,39.63636363636363
perceived_price_1110_class1.png,49.54545454545455
perceived_price_1111_class2.png,56.36363636363637
perceived_price_1112_class1.png,54.0
perceived_price_1113_class3.png,61.18181818181818
perceived_price_1114_class2.png,69.0
perceived_price_1115_class1.png,53.81818181818182
perceived_price_1116_class2.png,50.27272727272727
perceived_price_1117_class0.png,30.818181818181817
perceived_price_1118_class2.png,63.27272727272727
perceived_price_1119_class2.png,49.18181818181818
perceived_price_1120_class2.png,53.63636363636363
perceived_price_1121_class0.png,41.63636363636363
perceived_price_1122_class1.png,46.45454545454545
perceived_price_1123_class2.png,52.72727272727273
perceived_price_1124_class3.png,67.36363636363636
perceived_price_1125_class3.png,68.63636363636364
perceived_price_1126_class1.png,51.72727272727273
perceived_price_1127_class3.png,56.27272727272727
perceived_price_1128_class3.png,56.72727272727273
perceived_price_1129_class3.png,64.27272727272727
perceived_price_1130_class0.png,47.45454545454545
perceived_price_1131_class0.png,34.27272727272727
perceived_price_1132_class2.png,49.0
perceived_price_1133_class3.png,36.45454545454545
perceived_price_1134_class0.png,24.363636363636363
perceived_price_1135_class0.png,39.81818181818182
perceived_price_1136_class3.png,61.72727272727273
perceived_price_1137_class0.png,22.363636363636363
perceived_price_1138_class3.png,63.27272727272727
perceived_price_1139_class0.png,36.36363636363637
perceived_price_1140_class0.png,47.27272727272727
perceived_price_1141_class3.png,63.18181818181818
perceived_price_1142_class0.png,40.63636363636363
perceived_price_1143_class0.png,40.45454545454545
perceived_price_1144_class2.png,65.81818181818181
perceived_price_1145_class0.png,52.45454545454545
perceived_price_1146_class1.png,54.09090909090909
perceived_price_1147_class1.png,55.63636363636363
perceived_price_1148_class3.png,69.72727272727273
perceived_price_1149_class1.png,76.27272727272727
perceived_price_1150_class2.png,54.09090909090909
perceived_price_1151_class0.png,28.545454545454547
perceived_price_1152_class3.png,63.09090909090909
perceived_price_1153_class3.png,66.72727272727273
perceived_price_1154_class1.png,59.36363636363637
perceived_price_1155_class0.png,36.90909090909091
perceived_price_1156_class0.png,26.90909090909091
perceived_price_1157_class0.png,36.90909090909091
perceived_price_1158_class2.png,48.72727272727273
perceived_price_1159_class1.png,38.27272727272727
perceived_price_1160_class3.png,54.09090909090909
perceived_price_1161_class2.png,39.0
perceived_price_1162_class1.png,36.0
perceived_price_1163_class3.png,52.18181818181818
perceived_price_1164_class1.png,53.54545454545455
perceived_price_1165_class2.png,47.27272727272727
perceived_price_1166_class0.png,42.72727272727273
perceived_price_1167_class1.png,39.27272727272727
perceived_price_1168_class0.png,46.63636363636363
perceived_price_1169_class2.png,57.54545454545455
perceived_price_1170_class1.png,40.90909090909091
perceived_price_1171_class0.png,30.545454545454547
perceived_price_1172_class0.png,35.09090909090909
perceived_price_1173_class3.png,43.36363636363637
perceived_price_1174_class3.png,50.81818181818182
perceived_price_1175_class2.png,64.63636363636364
perceived_price_1176_class2.png,65.27272727272727
perceived_price_1177_class2.png,66.0
perceived_price_1178_class0.png,48.63636363636363
perceived_price_1179_class2.png,56.27272727272727
perceived_price_1180_class2.png,71.81818181818181
perceived_price_1181_class0.png,21.454545454545453
perceived_price_1182_class1.png,43.45454545454545
perceived_price_1183_class3.png,56.36363636363637
perceived_price_1184_class2.png,64.27272727272727
perceived_price_1185_class1.png,57.90909090909091
perceived_price_1186_class2.png,57.36363636363637
perceived_price_1187_class3.png,68.18181818181819
perceived_price_1188_class2.png,54.81818181818182
perceived_price_1189_class2.png,54.36363636363637
perceived_price_1190_class2.png,51.54545454545455
perceived_price_1191_class3.png,61.0
perceived_price_1192_class2.png,47.09090909090909
perceived_price_1193_class1.png,56.18181818181818
perceived_price_1194_class3.png,71.0
perceived_price_1195_class2.png,63.81818181818182
perceived_price_1196_class2.png,53.45454545454545
perceived_price_1197_class3.png,59.18181818181818
perceived_price_1198_class3.png,63.0
perceived_price_1199_class3.png,63.54545454545455
perceived_price_1200_class1.png,59.45454545454545
perceived_price_1201_class2.png,67.45454545454545
perceived_price_1202_class2.png,68.18181818181819
perceived_price_1203_class2.png,72.27272727272727
perceived_price_1204_class1.png,41.09090909090909
perceived_price_1205_class0.png,30.63636363636364
perceived_price_1206_class1.png,44.81818181818182
perceived_price_1207_class2.png,52.36363636363637
perceived_price_1208_class3.png,48.09090909090909
perceived_price_1209_class0.png,42.0
perceived_price_1210_class2.png,61.0
perceived_price_1211_class0.png,46.18181818181818
perceived_price_1212_class3.png,69.0
perceived_price_1213_class1.png,45.90909090909091
perceived_price_1214_class0.png,45.81818181818182
perceived_price_1215_class1.png,37.90909090909091
perceived_price_1216_class0.png,40.72727272727273
perceived_price_1217_class1.png,64.81818181818181
perceived_price_1218_class1.png,52.09090909090909
perceived_price_1219_class2.png,51.18181818181818
perceived_price_1220_class3.png,66.36363636363636
perceived_price_1221_class1.png,34.63636363636363
perceived_price_1222_class0.png,31.727272727272727
perceived_price_1223_class2.png,60.81818181818182
perceived_price_1224_class1.png,55.36363636363637
perceived_price_1225_class1.png,66.72727272727273
perceived_price_1226_class1.png,53.0
perceived_price_1227_class3.png,65.18181818181819
perceived_price_1228_class2.png,49.54545454545455
perceived_price_1229_class0.png,37.45454545454545
perceived_price_1230_class3.png,55.45454545454545
perceived_price_1231_class1.png,61.72727272727273
perceived_price_1232_class3.png,62.81818181818182
perceived_price_1233_class2.png,51.81818181818182
perceived_price_1234_class2.png,62.27272727272727
perceived_price_1235_class2.png,56.36363636363637
perceived_price_1236_class1.png,49.36363636363637
perceived_price_1237_class2.png,54.18181818181818
perceived_price_1238_class2.png,56.81818181818182
perceived_price_1239_class0.png,43.54545454545455
perceived_price_1240_class1.png,52.63636363636363
perceived_price_1241_class3.png,72.9090909090909
perceived_price_1242_class1.png,58.72727272727273
perceived_price_1243_class1.png,61.90909090909091
perceived_price_1244_class3.png,52.72727272727273
perceived_price_1245_class3.png,49.90909090909091
perceived_price_1246_class1.png,38.18181818181818
perceived_price_1247_class1.png,73.54545454545455
perceived_price_1248_class2.png,36.63636363636363
perceived_price_1249_class3.png,51.27272727272727
perceived_price_1250_class3.png,66.63636363636364
perceived_price_1251_class2.png,54.0
perceived_price_1252_class3.png,65.45454545454545
perceived_price_1253_class0.png,48.90909090909091
perceived_price_1254_class2.png,57.72727272727273
perceived_price_1255_class2.png,60.27272727272727
perceived_price_1256_class3.png,72.54545454545455
perceived_price_1257_class1.png,70.9090909090909
perceived_price_1258_class1.png,45.54545454545455
perceived_price_1259_class3.png,60.45454545454545
perceived_price_1260_class1.png,53.63636363636363
perceived_price_1261_class3.png,66.54545454545455
perceived_price_1262_class1.png,40.27272727272727
perceived_price_1263_class2.png,62.09090909090909
perceived_price_1264_class2.png,60.45454545454545
perceived_price_1265_class3.png,56.18181818181818
perceived_price_1266_class1.png,45.54545454545455
perceived_price_1267_class0.png,61.45454545454545
perceived_price_1268_class3.png,54.09090909090909
perceived_price_1269_class2.png,59.72727272727273
perceived_price_1270_class1.png,56.90909090909091
perceived_price_1271_class1.png,46.90909090909091
perceived_price_1272_class1.png,41.0
perceived_price_1273_class1.png,66.27272727272727
perceived_price_1274_class3.png,57.0
perceived_price_1275_class1.png,32.27272727272727
perceived_price_1276_class1.png,43.18181818181818
perceived_price_1277_class0.png,35.36363636363637
perceived_price_1278_class0.png,39.90909090909091
perceived_price_1279_class2.png,53.09090909090909
perceived_price_1280_class1.png,36.54545454545455
perceived_price_1281_class2.png,52.0
perceived_price_1282_class0.png,36.45454545454545
perceived_price_1283_class0.png,19.90909090909091
perceived_price_1284_class2.png,52.45454545454545
perceived_price_1285_class2.png,64.54545454545455
perceived_price_1286_class0.png,23.363636363636363
perceived_price_1287_class2.png,68.72727272727273
perceived_price_1288_class1.png,36.09090909090909
perceived_price_1289_class3.png,62.90909090909091
perceived_price_1290_class1.png,44.54545454545455
perceived_price_1291_class3.png,46.45454545454545
perceived_price_1292_class1.png,51.63636363636363
perceived_price_1293_class0.png,49.81818181818182
perceived_price_1294_class1.png,56.90909090909091
perceived_price_1295_class1.png,42.0
perceived_price_1296_class3.png,57.0
perceived_price_1297_class3.png,69.72727272727273
perceived_price_1298_class3.png,63.90909090909091
perceived_price_1299_class3.png,38.18181818181818
perceived_price_1300_class0.png,44.2
perceived_price_1301_class2.png,53.2
perceived_price_1302_class3.png,83.9
perceived_price_1303_class0.png,44.9
perceived_price_1304_class0.png,45.1
perceived_price_1305_class0.png,41.9
perceived_price_1306_class1.png,57.7
perceived_price_1307_class0.png,36.3
perceived_price_1308_class2.png,65.6
perceived_price_1309_class2.png,74.2
perceived_price_1310_class1.png,70.9
perceived_price_1311_class2.png,72.6
perceived_price_1312_class0.png,63.4
perceived_price_1313_class1.png,63.8
perceived_price_1314_class1.png,61.7
perceived_price_1315_class1.png,60.4
perceived_price_1316_class3.png,70.1
perceived_price_1317_class1.png,66.5
perceived_price_1318_class2.png,55.6
perceived_price_1319_class3.png,57.3
perceived_price_1320_class2.png,66.7
perceived_price_1321_class2.png,73.6
perceived_price_1322_class0.png,65.6
perceived_price_1323_class2.png,61.4
perceived_price_1324_class1.png,53.3
perceived_price_1325_class3.png,61.7
perceived_price_1326_class0.png,53.0
perceived_price_1327_class3.png,68.2
perceived_price_1328_class1.png,48.7
perceived_price_1329_class2.png,66.9
perceived_price_1330_class1.png,42.9
perceived_price_1331_class2.png,56.1
perceived_price_1332_class2.png,58.7
perceived_price_1333_class0.png,59.8
perceived_price_1334_class3.png,60.1
perceived_price_1335_class0.png,37.6
perceived_price_1336_class3.png,57.5
perceived_price_1337_class3.png,56.2
perceived_price_1338_class0.png,50.3
perceived_price_1339_class2.png,57.3
perceived_price_1340_class0.png,26.2
perceived_price_1341_class3.png,68.5
perceived_price_1342_class3.png,70.4
perceived_price_1343_class1.png,59.4
perceived_price_1344_class3.png,56.2
perceived_price_1345_class0.png,37.7
perceived_price_1346_class3.png,60.2
perceived_price_1347_class2.png,65.8
perceived_price_1348_class3.png,57.9
perceived_price_1349_class0.png,58.3
perceived_price_1350_class2.png,49.3
perceived_price_1351_class3.png,55.3
perceived_price_1352_class1.png,53.2
perceived_price_1353_class1.png,56.9
perceived_price_1354_class1.png,56.4
perceived_price_1355_class1.png,61.5
perceived_price_1356_class0.png,46.8
perceived_price_1357_class3.png,58.6
perceived_price_1358_class2.png,68.0
perceived_price_1359_class1.png,54.6
perceived_price_1360_class1.png,48.4
perceived_price_1361_class1.png,57.3
perceived_price_1362_class3.png,67.7
perceived_price_1363_class0.png,53.2
perceived_price_1364_class3.png,57.2
perceived_price_1365_class0.png,41.2
perceived_price_1366_class2.png,54.1
perceived_price_1367_class3.png,78.5
perceived_price_1368_class2.png,58.8
perceived_price_1369_class2.png,69.4
perceived_price_1370_class3.png,72.8
perceived_price_1371_class0.png,51.5
perceived_price_1372_class1.png,73.3
perceived_price_1373_class0.png,52.5
perceived_price_1374_class2.png,63.3
perceived_price_1375_class1.png,54.3
perceived_price_1376_class2.png,52.5
perceived_price_1377_class0.png,47.9
perceived_price_1378_class1.png,48.1
perceived_price_1379_class0.png,50.7
perceived_price_1380_class3.png,63.6
perceived_price_1381_class2.png,64.9
perceived_price_1382_class0.png,45.4
perceived_price_1383_class3.png,53.8
perceived_price_1384_class1.png,47.6
perceived_price_1385_class0.png,50.0
perceived_price_1386_class0.png,49.8
perceived_price_1387_class3.png,61.9
perceived_price_1388_class3.png,59.1
perceived_price_1389_class1.png,64.9
perceived_price_1390_class1.png,51.8
perceived_price_1391_class3.png,60.4
perceived_price_1392_class3.png,65.5
perceived_price_1393_class2.png,45.4
perceived_price_1394_class3.png,62.7
perceived_price_1395_class1.png,42.4
perceived_price_1396_class1.png,55.1
perceived_price_1397_class2.png,62.0
perceived_price_1398_class0.png,37.9
perceived_price_1399_class2.png,53.2
perceived_price_1400_class0.png,43.2
perceived_price_1401_class3.png,68.1
perceived_price_1402_class1.png,79.8
perceived_price_1403_class3.png,69.8
perceived_price_1404_class2.png,68.5
perceived_price_1405_class3.png,65.6
perceived_price_1406_class1.png,44.7
perceived_price_1407_class1.png,59.8
perceived_price_1408_class1.png,68.9
perceived_price_1409_class0.png,31.3
perceived_price_1410_class0.png,22.1
perceived_price_1411_class1.png,43.2
perceived_price_1412_class3.png,56.1
perceived_price_1413_class3.png,67.4
perceived_price_1414_class0.png,34.4
perceived_price_1415_class2.png,43.4
perceived_price_1416_class1.png,46.2
perceived_price_1417_class1.png,48.4
perceived_price_1418_class2.png,63.5
perceived_price_1419_class2.png,67.0
perceived_price_1420_class1.png,63.3
perceived_price_1421_class1.png,61.3
perceived_price_1422_class3.png,66.1
perceived_price_1423_class0.png,35.6
perceived_price_1424_class2.png,60.0
perceived_price_1425_class2.png,68.3
perceived_price_1426_class3.png,52.3
perceived_price_1427_class2.png,65.9
perceived_price_1428_class3.png,69.4
perceived_price_1429_class1.png,61.5
perceived_price_1430_class3.png,67.7
perceived_price_1431_class0.png,43.6
perceived_price_1432_class2.png,44.2
perceived_price_1433_class3.png,54.6
perceived_price_1434_class2.png,68.2
perceived_price_1435_class0.png,45.2
perceived_price_1436_class3.png,48.1
perceived_price_1437_class0.png,32.9
perceived_price_1438_class1.png,64.9
perceived_price_1439_class0.png,44.8
perceived_price_1440_class2.png,58.8
perceived_price_1441_class0.png,43.6
perceived_price_1442_class3.png,57.3
perceived_price_1443_class3.png,51.9
perceived_price_1444_class2.png,59.1
perceived_price_1445_class2.png,49.5
perceived_price_1446_class1.png,52.3
perceived_price_1447_class2.png,59.3
perceived_price_1448_class0.png,45.7
perceived_price_1449_class0.png,23.5
perceived_price_1450_class3.png,65.0
perceived_price_1451_class1.png,40.9
perceived_price_1452_class3.png,62.1
perceived_price_1453_class3.png,69.8
perceived_price_1454_class2.png,70.8
perceived_price_1455_class1.png,64.6
perceived_price_1456_class3.png,72.4
perceived_price_1457_class1.png,69.1
perceived_price_1458_class2.png,46.2
perceived_price_1459_class1.png,50.1
perceived_price_1460_class3.png,70.0
perceived_price_1461_class1.png,60.1
perceived_price_1462_class3.png,74.5
perceived_price_1463_class0.png,47.4
perceived_price_1464_class2.png,66.9
perceived_price_1465_class1.png,50.2
perceived_price_1466_class1.png,46.0
perceived_price_1467_class0.png,37.8
perceived_price_1468_class0.png,28.0
perceived_price_1469_class2.png,60.2
perceived_price_1470_class3.png,66.3
perceived_price_1471_class1.png,54.1
perceived_price_1472_class2.png,39.7
perceived_price_1473_class3.png,61.1
perceived_price_1474_class0.png,38.4
perceived_price_1475_class0.png,33.5
perceived_price_1476_class2.png,64.9
perceived_price_1477_class1.png,68.8
perceived_price_1478_class0.png,34.4
perceived_price_1479_class1.png,50.8
perceived_price_1480_class0.png,37.5
perceived_price_1481_class3.png,65.5
perceived_price_1482_class3.png,68.4
perceived_price_1483_class2.png,61.3
perceived_price_1484_class3.png,73.3
perceived_price_1485_class0.png,44.5
perceived_price_1486_class1.png,54.8
perceived_price_1487_class0.png,56.7
perceived_price_1488_class2.png,63.8
perceived_price_1489_class2.png,50.8
perceived_price_1490_class1.png,27.5
perceived_price_1491_class0.png,44.6
perceived_price_1492_class1.png,62.8
perceived_price_1493_class0.png,41.8
perceived_price_1494_class0.png,46.2
perceived_price_1495_class2.png,54.9
perceived_price_1496_class3.png,65.9
perceived_price_1497_class3.png,66.7
perceived_price_1498_class3.png,59.2
perceived_price_1499_class2.png,59.4
perceived_price_1500_class1.png,17.7
perceived_price_1501_class0.png,24.9
perceived_price_1502_class0.png,32.5
perceived_price_1503_class2.png,39.8
perceived_price_1504_class1.png,50.0
perceived_price_1505_class0.png,37.3
perceived_price_1506_class0.png,45.9
perceived_price_1507_class0.png,31.6
perceived_price_1508_class1.png,36.3
perceived_price_1509_class0.png,47.4
perceived_price_1510_class3.png,67.8
perceived_price_1511_class1.png,68.7
perceived_price_1512_class1.png,73.1
perceived_price_1513_class1.png,68.0
perceived_price_1514_class2.png,62.9
perceived_price_1515_class3.png,63.4
perceived_price_1516_class2.png,59.3
perceived_price_1517_class2.png,68.3
perceived_price_1518_class2.png,64.6
perceived_price_1519_class1.png,62.6
perceived_price_1520_class0.png,35.7
perceived_price_1521_class2.png,64.8
perceived_price_1522_class3.png,62.8
perceived_price_1523_class0.png,36.3
perceived_price_1524_class1.png,51.5
perceived_price_1525_class2.png,41.0
perceived_price_1526_class0.png,30.7
perceived_price_1527_class1.png,52.6
perceived_price_1528_class1.png,52.9
perceived_price_1529_class3.png,66.1
perceived_price_1530_class2.png,61.8
perceived_price_1531_class0.png,43.6
perceived_price_1532_class3.png,60.7
perceived_price_1533_class3.png,57.4
perceived_price_1534_class1.png,64.9
perceived_price_1535_class0.png,41.1
perceived_price_1536_class1.png,42.0
perceived_price_1537_class1.png,59.0
perceived_price_1538_class2.png,57.7
perceived_price_1539_class1.png,50.2
perceived_price_1540_class1.png,62.6
perceived_price_1541_class1.png,58.9
perceived_price_1542_class3.png,70.1
perceived_price_1543_class1.png,57.6
perceived_price_1544_class1.png,57.9
perceived_price_1545_class2.png,48.8
perceived_price_1546_class0.png,32.3
perceived_price_1547_class2.png,37.3
perceived_price_1548_class1.png,52.2
perceived_price_1549_class3.png,53.5
perceived_price_1550_class2.png,64.0
perceived_price_1551_class3.png,67.7
perceived_price_1552_class2.png,63.0
perceived_price_1553_class2.png,66.5
perceived_price_1554_class0.png,37.8
perceived_price_1555_class1.png,53.2
perceived_price_1556_class3.png,57.4
perceived_price_1557_class1.png,46.4
perceived_price_1558_class2.png,59.2
perceived_price_1559_class3.png,64.7
perceived_price_1560_class2.png,54.9
perceived_price_1561_class0.png,39.9
perceived_price_1562_class2.png,54.1
perceived_price_1563_class1.png,52.8
perceived_price_1564_class2.png,50.4
perceived_price_1565_class2.png,55.9
perceived_price_1566_class0.png,31.6
perceived_price_1567_class1.png,57.9
perceived_price_1568_class2.png,60.6
perceived_price_1569_class2.png,45.1
perceived_price_1570_class0.png,40.8
perceived_price_1571_class2.png,55.7
perceived_price_1572_class3.png,51.5
perceived_price_1573_class0.png,29.3
perceived_price_1574_class2.png,72.9
perceived_price_1575_class0.png,40.7
perceived_price_1576_class1.png,48.9
perceived_price_1577_class0.png,43.3
perceived_price_1578_class0.png,43.4
perceived_price_1579_class0.png,39.3
perceived_price_1580_class1.png,47.4
perceived_price_1581_class1.png,44.7
perceived_price_1582_class0.png,47.3
perceived_price_1583_class2.png,61.1
perceived_price_1584_class1.png,70.8
perceived_price_1585_class1.png,54.1
perceived_price_1586_class3.png,68.7
perceived_price_1587_class3.png,66.9
perceived_price_1588_class0.png,36.7
perceived_price_1589_class2.png,72.9
perceived_price_1590_class0.png,52.2
perceived_price_1591_class0.png,59.1
perceived_price_1592_class2.png,71.1
perceived_price_1593_class0.png,60.0
perceived_price_1594_class0.png,44.2
perceived_price_1595_class2.png,65.6
perceived_price_1596_class0.png,51.7
perceived_price_1597_class2.png,62.2
perceived_price_1598_class2.png,45.6
perceived_price_1599_class3.png,56.3
perceived_price_1600_class3.png,76.7
perceived_price_1601_class3.png,74.5
perceived_price_1602_class3.png,70.0
perceived_price_1603_class1.png,75.7
perceived_price_1604_class3.png,77.5
perceived_price_1605_class1.png,67.2
perceived_price_1606_class3.png,53.7
perceived_price_1607_class2.png,56.3
perceived_price_1608_class0.png,53.1
perceived_price_1609_class3.png,50.2
perceived_price_1610_class3.png,60.0
perceived_price_1611_class3.png,67.0
perceived_price_1612_class0.png,34.5
perceived_price_1613_class2.png,49.0
perceived_price_1614_class1.png,59.2
perceived_price_1615_class2.png,65.0
perceived_price_1616_class3.png,63.9
perceived_price_1617_class3.png,69.4
perceived_price_1618_class0.png,35.7
perceived_price_1619_class1.png,44.0
perceived_price_1620_class3.png,64.8
perceived_price_1621_class0.png,55.3
perceived_price_1622_class0.png,31.8
perceived_price_1623_class3.png,56.7
perceived_price_1624_class3.png,62.1
perceived_price_1625_class2.png,73.3
perceived_price_1626_class1.png,52.7
perceived_price_1627_class0.png,33.3
perceived_price_1628_class1.png,60.8
perceived_price_1629_class1.png,51.9
perceived_price_1630_class0.png,29.9
perceived_price_1631_class0.png,58.3
perceived_price_1632_class1.png,53.7
perceived_price_1633_class1.png,56.2
perceived_price_1634_class0.png,21.9
perceived_price_1635_class3.png,69.0
perceived_price_1636_class3.png,74.6
perceived_price_1637_class0.png,58.8
perceived_price_1638_class0.png,50.0
perceived_price_1639_class2.png,64.0
perceived_price_1640_class3.png,68.8
perceived_price_1641_class3.png,62.2
perceived_price_1642_class2.png,57.8
perceived_price_1643_class0.png,45.6
perceived_price_1644_class3.png,67.9
perceived_price_1645_class2.png,53.4
perceived_price_1646_class0.png,52.2
perceived_price_1647_class3.png,65.2
perceived_price_1648_class3.png,69.4
perceived_price_1649_class1.png,45.7
perceived_price_1650_class1.png,59.6
perceived_price_1651_class1.png,62.8
perceived_price_1652_class2.png,64.9
perceived_price_1653_class0.png,27.1
perceived_price_1654_class0.png,36.4
perceived_price_1655_class2.png,47.7
perceived_price_1656_class1.png,50.9
perceived_price_1657_class3.png,61.4
perceived_price_1658_class2.png,60.2
perceived_price_1659_class1.png,53.2
perceived_price_1660_class3.png,46.2
perceived_price_1661_class0.png,49.5
perceived_price_1662_class3.png,69.6
perceived_price_1663_class3.png,73.3
perceived_price_1664_class1.png,51.2
perceived_price_1665_class3.png,65.5
perceived_price_1666_class0.png,60.9
perceived_price_1667_class1.png,46.2
perceived_price_1668_class3.png,56.3
perceived_price_1669_class2.png,59.9
perceived_price_1670_class2.png,66.6
perceived_price_1671_class0.png,49.0
perceived_price_1672_class3.png,56.7
perceived_price_1673_class1.png,56.2
perceived_price_1674_class0.png,60.0
perceived_price_1675_class1.png,38.6
perceived_price_1676_class2.png,56.7
perceived_price_1677_class2.png,64.9
perceived_price_1678_class3.png,47.3
perceived_price_1679_class3.png,63.4
perceived_price_1680_class3.png,59.1
perceived_price_1681_class3.png,61.1
perceived_price_1682_class1.png,47.8
perceived_price_1683_class1.png,53.3
perceived_price_1684_class0.png,48.8
perceived_price_1685_class0.png,45.3
perceived_price_1686_class3.png,55.8
perceived_price_1687_class3.png,59.1
perceived_price_1688_class2.png,66.5
perceived_price_1689_class0.png,41.1
perceived_price_1690_class2.png,54.1
perceived_price_1691_class2.png,56.9
perceived_price_1692_class1.png,53.5
perceived_price_1693_class0.png,20.0
perceived_price_1694_class2.png,40.5
perceived_price_1695_class2.png,62.4
perceived_price_1696_class0.png,54.8
perceived_price_1697_class2.png,78.4
perceived_price_1698_class3.png,67.7
perceived_price_1699_class2.png,67.2
perceived_price_1700_class2.png,73.6
perceived_price_1701_class3.png,72.5
perceived_price_1702_class3.png,77.2
perceived_price_1703_class2.png,60.1
perceived_price_1704_class1.png,64.9
perceived_price_1705_class0.png,53.0
perceived_price_1706_class0.png,56.2
perceived_price_1707_class0.png,55.0
perceived_price_1708_class1.png,68.6
perceived_price_1709_class3.png,66.5
perceived_price_1710_class0.png,48.3
perceived_price_1711_class1.png,53.2
perceived_price_1712_class3.png,67.3
perceived_price_1713_class2.png,77.7
perceived_price_1714_class2.png,67.5
perceived_price_1715_class0.png,47.3
perceived_price_1716_class2.png,55.1
perceived_price_1717_class0.png,52.5
perceived_price_1718_class3.png,62.9
perceived_price_1719_class1.png,65.2
perceived_price_1720_class2.png,44.7
perceived_price_1721_class2.png,51.2
perceived_price_1722_class2.png,57.3
perceived_price_1723_class2.png,67.1
perceived_price_1724_class3.png,66.5
perceived_price_1725_class1.png,60.2
perceived_price_1726_class0.png,53.1
perceived_price_1727_class3.png,59.5
perceived_price_1728_class0.png,57.1
perceived_price_1729_class2.png,58.7
perceived_price_1730_class0.png,51.9
perceived_price_1731_class0.png,34.0
perceived_price_1732_class3.png,59.9
perceived_price_1733_class0.png,48.8
perceived_price_1734_class2.png,53.0
perceived_price_1735_class0.png,43.0
perceived_price_1736_class2.png,52.9
perceived_price_1737_class1.png,57.1
perceived_price_1738_class1.png,52.7
perceived_price_1739_class3.png,62.1
perceived_price_1740_class2.png,74.1
perceived_price_1741_class3.png,65.1
perceived_price_1742_class0.png,36.2
perceived_price_1743_class2.png,64.3
perceived_price_1744_class3.png,66.0
perceived_price_1745_class1.png,62.7
perceived_price_1746_class3.png,65.4
perceived_price_1747_class3.png,58.1
perceived_price_1748_class0.png,54.4
perceived_price_1749_class1.png,49.7
perceived_price_1750_class3.png,61.4
perceived_price_1751_class0.png,36.8
perceived_price_1752_class1.png,57.7
perceived_price_1753_class3.png,61.4
perceived_price_1754_class1.png,44.3
perceived_price_1755_class0.png,47.1
perceived_price_1756_class2.png,59.5
perceived_price_1757_class3.png,73.9
perceived_price_1758_class1.png,48.2
perceived_price_1759_class2.png,47.6
perceived_price_1760_class2.png,61.9
perceived_price_1761_class0.png,41.8
perceived_price_1762_class0.png,39.9
perceived_price_1763_class3.png,53.3
perceived_price_1764_class3.png,55.7
perceived_price_1765_class2.png,59.0
perceived_price_1766_class2.png,60.8
perceived_price_1767_class2.png,59.0
perceived_price_1768_class2.png,58.1
perceived_price_1769_class2.png,57.1
perceived_price_1770_class0.png,37.4
perceived_price_1771_class2.png,63.6
perceived_price_1772_class0.png,50.6
perceived_price_1773_class3.png,70.0
perceived_price_1774_class1.png,51.7
perceived_price_1775_class1.png,57.6
perceived_price_1776_class2.png,52.1
perceived_price_1777_class3.png,61.8
perceived_price_1778_class0.png,64.2
perceived_price_1779_class2.png,73.4
perceived_price_1780_class3.png,71.9
perceived_price_1781_class1.png,60.1
perceived_price_1782_class1.png,50.9
perceived_price_1783_class0.png,34.0
perceived_price_1784_class3.png,41.4
perceived_price_1785_class0.png,49.0
perceived_price_1786_class1.png,67.7
perceived_price_1787_class1.png,67.3
perceived_price_1788_class2.png,66.6
perceived_price_1789_class1.png,68.1
perceived_price_1790_class1.png,63.1
perceived_price_1791_class1.png,49.7
perceived_price_1792_class0.png,53.2
perceived_price_1793_class2.png,49.0
perceived_price_1794_class1.png,60.6
perceived_price_1795_class0.png,36.4
perceived_price_1796_class2.png,53.8
perceived_price_1797_class1.png,58.5
perceived_price_1798_class3.png,62.2
perceived_price_1799_class3.png,67.4
perceived_price_1800_class2.png,67.0
perceived_price_1801_class3.png,76.5
perceived_price_1802_class3.png,79.9
perceived_price_1803_class2.png,80.4
perceived_price_1804_class2.png,66.7
perceived_price_1805_class0.png,32.3
perceived_price_1806_class2.png,64.5
perceived_price_1807_class2.png,51.6
perceived_price_1808_class0.png,48.2
perceived_price_1809_class2.png,54.4
perceived_price_1810_class3.png,71.2
perceived_price_1811_class0.png,53.6
perceived_price_1812_class3.png,65.9
perceived_price_1813_class1.png,44.7
perceived_price_1814_class1.png,74.1
perceived_price_1815_class1.png,59.8
perceived_price_1816_class3.png,63.7
perceived_price_1817_class2.png,73.4
perceived_price_1818_class2.png,74.9
perceived_price_1819_class1.png,63.8
perceived_price_1820_class0.png,59.8
perceived_price_1821_class2.png,73.6
perceived_price_1822_class2.png,71.4
perceived_price_1823_class2.png,64.2
perceived_price_1824_class2.png,65.9
perceived_price_1825_class1.png,59.3
perceived_price_1826_class1.png,48.2
perceived_price_1827_class3.png,70.7
perceived_price_1828_class1.png,66.6
perceived_price_1829_class0.png,62.5
perceived_price_1830_class0.png,50.7
perceived_price_1831_class3.png,61.7
perceived_price_1832_class3.png,60.4
perceived_price_1833_class3.png,65.1
perceived_price_1834_class0.png,53.0
perceived_price_1835_class1.png,59.1
perceived_price_1836_class1.png,58.9
perceived_price_1837_class1.png,52.7
perceived_price_1838_class2.png,69.3
perceived_price_1839_class0.png,58.6
perceived_price_1840_class2.png,64.8
perceived_price_1841_class3.png,65.8
perceived_price_1842_class3.png,63.5
perceived_price_1843_class3.png,60.8
perceived_price_1844_class1.png,57.2
perceived_price_1845_class0.png,37.5
perceived_price_1846_class1.png,37.2
perceived_price_1847_class3.png,61.5
perceived_price_1848_class2.png,54.4
perceived_price_1849_class0.png,43.4
perceived_price_1850_class2.png,79.8
perceived_price_1851_class2.png,71.3
perceived_price_1852_class0.png,54.2
perceived_price_1853_class3.png,62.4
perceived_price_1854_class2.png,51.4
perceived_price_1855_class1.png,44.2
perceived_price_1856_class1.png,57.3
perceived_price_1857_class0.png,52.7
perceived_price_1858_class2.png,64.3
perceived_price_1859_class2.png,68.2
perceived_price_1860_class1.png,62.4
perceived_price_1861_class2.png,64.2
perceived_price_1862_class1.png,67.7
perceived_price_1863_class2.png,66.7
perceived_price_1864_class3.png,70.2
perceived_price_1865_class0.png,34.6
perceived_price_1866_class2.png,48.9
perceived_price_1867_class0.png,26.3
perceived_price_1868_class2.png,67.7
perceived_price_1869_class0.png,40.9
perceived_price_1870_class3.png,75.8
perceived_price_1871_class3.png,72.7
perceived_price_1872_class3.png,76.7
perceived_price_1873_class0.png,49.0
perceived_price_1874_class3.png,74.8
perceived_price_1875_class1.png,39.8
perceived_price_1876_class1.png,60.6
perceived_price_1877_class2.png,68.5
perceived_price_1878_class0.png,55.1
perceived_price_1879_class1.png,58.1
perceived_price_1880_class2.png,60.1
perceived_price_1881_class3.png,69.3
perceived_price_1882_class0.png,32.6
perceived_price_1883_class1.png,57.2
perceived_price_1884_class2.png,54.7
perceived_price_1885_class0.png,46.0
perceived_price_1886_class0.png,30.3
perceived_price_1887_class3.png,70.4
perceived_price_1888_class1.png,62.7
perceived_price_1889_class1.png,62.6
perceived_price_1890_class0.png,53.4
perceived_price_1891_class1.png,67.2
perceived_price_1892_class1.png,61.1
perceived_price_1893_class0.png,36.0
perceived_price_1894_class2.png,64.1
perceived_price_1895_class1.png,57.6
perceived_price_1896_class2.png,54.0
perceived_price_1897_class3.png,70.4
perceived_price_1898_class2.png,64.9
perceived_price_1899_class1.png,47.1
perceived_price_1900_class3.png,62.7
perceived_price_1901_class0.png,30.6
perceived_price_1902_class0.png,58.1
perceived_price_1903_class0.png,26.7
perceived_price_1904_class2.png,58.4
perceived_price_1905_class3.png,54.1
perceived_price_1906_class3.png,62.5
perceived_price_1907_class0.png,35.3
perceived_price_1908_class3.png,79.5
perceived_price_1909_class0.png,60.6
perceived_price_1910_class1.png,57.7
perceived_price_1911_class1.png,46.7
perceived_price_1912_class1.png,55.7
perceived_price_1913_class1.png,51.5
perceived_price_1914_class2.png,70.1
perceived_price_1915_class0.png,44.1
perceived_price_1916_class1.png,57.9
perceived_price_1917_class1.png,67.5
perceived_price_1918_class0.png,50.2
perceived_price_1919_class1.png,46.4
perceived_price_1920_class1.png,58.3
perceived_price_1921_class3.png,75.1
perceived_price_1922_class0.png,49.8
perceived_price_1923_class3.png,58.7
perceived_price_1924_class1.png,62.1
perceived_price_1925_class0.png,39.7
perceived_price_1926_class2.png,62.3
perceived_price_1927_class3.png,78.3
perceived_price_1928_class0.png,37.8
perceived_price_1929_class1.png,49.1
perceived_price_1930_class2.png,71.2
perceived_price_1931_class0.png,60.8
perceived_price_1932_class2.png,63.6
perceived_price_1933_class0.png,40.4
perceived_price_1934_class2.png,55.1
perceived_price_1935_class3.png,74.9
perceived_price_1936_class2.png,67.1
perceived_price_1937_class2.png,71.0
perceived_price_1938_class0.png,29.9
perceived_price_1939_class1.png,66.2
perceived_price_1940_class1.png,56.5
perceived_price_1941_class3.png,70.0
perceived_price_1942_class0.png,55.8
perceived_price_1943_class3.png,61.8
perceived_price_1944_class0.png,41.9
perceived_price_1945_class0.png,53.8
perceived_price_1946_class3.png,72.2
perceived_price_1947_class2.png,54.6
perceived_price_1948_class0.png,41.4
perceived_price_1949_class0.png,57.2
perceived_price_1950_class1.png,65.8
perceived_price_1951_class2.png,77.3
perceived_price_1952_class1.png,57.8
perceived_price_1953_class3.png,63.1
perceived_price_1954_class3.png,76.4
perceived_price_1955_class3.png,71.2
perceived_price_1956_class3.png,68.3
perceived_price_1957_class0.png,58.3
perceived_price_1958_class3.png,74.2
perceived_price_1959_class3.png,70.6
perceived_price_1960_class1.png,68.6
perceived_price_1961_class2.png,76.9
perceived_price_1962_class1.png,62.8
perceived_price_1963_class3.png,73.7
perceived_price_1964_class0.png,55.6
perceived_price_1965_class2.png,67.1
perceived_price_1966_class3.png,68.3
perceived_price_1967_class1.png,61.4
perceived_price_1968_class1.png,53.0
perceived_price_1969_class0.png,55.6
perceived_price_1970_class3.png,66.5
perceived_price_1971_class3.png,77.3
perceived_price_1972_class2.png,72.2
perceived_price_1973_class2.png,75.0
perceived_price_1974_class3.png,69.8
perceived_price_1975_class3.png,62.7
perceived_price_1976_class1.png,68.2
perceived_price_1977_class3.png,63.9
perceived_price_1978_class0.png,47.7
perceived_price_1979_class3.png,62.6
perceived_price_1980_class2.png,61.5
perceived_price_1981_class1.png,52.6
perceived_price_1982_class0.png,51.0
perceived_price_1983_class3.png,56.4
perceived_price_1984_class3.png,68.4
perceived_price_1985_class0.png,46.0
perceived_price_1986_class2.png,62.1
perceived_price_1987_class2.png,52.8
perceived_price_1988_class0.png,34.3
perceived_price_1989_class1.png,59.7
perceived_price_1990_class3.png,62.1
perceived_price_1991_class2.png,64.0
perceived_price_1992_class0.png,53.2
perceived_price_1993_class3.png,58.0
perceived_price_1994_class1.png,54.2
perceived_price_1995_class0.png,39.7
perceived_price_1996_class1.png,54.9
perceived_price_1997_class1.png,52.5
perceived_price_1998_class2.png,66.4
perceived_price_1999_class0.png,45.6
